feature,importance
structure_group,76.42003834970065
drug,23.57996165029936
